old_level	old_phase	old_alias	disposition	new_phase	new_level	new_alias	owner	purpose	oracle	reason
Project	Problem Definition	lifecycle-stage	retained	Problem Definition	Project	lifecycle-stage	Project sponsor	Classify current Project maturity	Cited current evidence places the Project in one named maturity state	Mapped by the accepted literal semantic and domain audit
Project	Problem Definition	authoritative-project-source	retained	Problem Definition	Project	authoritative-project-source	Project governance authority	Resolve conflicting Project direction sources	One named source is accepted as controlling and conflicting sources are dispositioned	Mapped by the accepted literal semantic and domain audit
Project	Problem Definition	last-problem-event	retained	Problem Definition	Project	last-problem-event	Affected-people representative	Ground the Project problem in a recent event	A dated or identifiable occurrence is recorded from evidence or testimony	Mapped by the accepted literal semantic and domain audit
Project	Problem Definition	problem-cost	retained	Problem Definition	Project	problem-cost	Project outcome owner	Quantify consequence of the observed problem	The cited occurrence has a measurable or explicitly bounded consequence	Mapped by the accepted literal semantic and domain audit
Project	Problem Definition	problem-frequency	retained	Problem Definition	Project	problem-frequency	Project outcome owner	Establish recurrence of the Project problem	Evidence gives a count, rate, interval, or explicit unknown with collection plan	Mapped by the accepted literal semantic and domain audit
Project	Problem Definition	root-cause	retained	Problem Definition	Project	root-cause	Project evidence authority	Select the supported causal explanation	Cited evidence supports the cause and names material competing explanations	Mapped by the accepted literal semantic and domain audit
Project	Problem Definition	deeper-cause-test	retained	Problem Definition	Project	deeper-cause-test	Project evidence authority	Define evidence that would reopen root cause	One observable result would falsify sufficiency of the stated cause	Mapped by the accepted literal semantic and domain audit
Project	Problem Definition	why-now	retained	Problem Definition	Project	why-now	Project sponsor	Justify present intervention timing	A dated change or constraint explains why action is warranted now	Mapped by the accepted literal semantic and domain audit
Project	Problem Definition	riskiest-assumption	retained	Problem Definition	Project	riskiest-assumption	Project risk owner	Select the weakest load-bearing assumption	Assumptions are compared by consequence and evidence strength; one is highest priority	Mapped by the accepted literal semantic and domain audit
Project	Problem Definition	material-risk	retained	Problem Definition	Project	material-risk	Project risk owner	Select the highest-consequence Project risk	A named risk has a stated harmed result and consequence basis	Mapped by the accepted literal semantic and domain audit
Project	Problem Definition	risk-warning	retained	Problem Definition	Project	risk-warning	Project risk owner	Define the earliest warning for the top risk	A monitorable condition precedes or begins the risk event	Mapped by the accepted literal semantic and domain audit
Project	Problem Definition	risk-mitigation	retained	Problem Definition	Project	risk-mitigation	Project risk owner	Choose the primary risk-reduction response	Evidence links one response to reduced likelihood or consequence	Mapped by the accepted literal semantic and domain audit
Project	Problem Definition	assumption-test	retained	Problem Definition	Project	assumption-test	Project evidence authority	Choose the least-cost reliable assumption test	The test has a result that supports or rejects the assumption at stated cost/confidence	Mapped by the accepted literal semantic and domain audit
Project	Problem Definition	durable-outcome	retained	Problem Definition	Project	durable-outcome	Project sponsor	Separate enduring outcome from current Products and stacks	The outcome remains meaningful under hypothetical Product or Implementation replacement	Mapped by the accepted literal semantic and domain audit
Project	Problem Definition	current-baseline	retained	Problem Definition	Project	current-baseline	Project measurement owner	Record the pre-change comparison baseline	A dated measure or observable condition can be compared with later results	Mapped by the accepted literal semantic and domain audit
Project	Problem Definition	success-signal	retained	Problem Definition	Project	success-signal	Affected-people representative	Define real-world Project success	A measurable affected-person or consumer change crosses an accepted success condition	Mapped by the accepted literal semantic and domain audit
Project	Problem Definition	misleading-success	retained	Problem Definition	Project	misleading-success	Affected-people representative	Guard against technical success without outcome success	A technically compliant result is paired with an observable affected-person failure	Mapped by the accepted literal semantic and domain audit
Project	Problem Definition	stop-evidence	retained	Problem Definition	Project	stop-evidence	Project sponsor	Define evidence for ending outcome pursuit	One observable condition triggers a stop decision under named authority	Mapped by the accepted literal semantic and domain audit
Project	Problem Definition	affected-people	retained	Problem Definition	Project	affected-people	Project stakeholder authority	Identify materially affected non-consumers	Each named group has a credible impact path from the Project	Mapped by the accepted literal semantic and domain audit
Project	Problem Definition	excluded-people	retained	Problem Definition	Project	excluded-people	Project sponsor	Set the current target-population exclusion	Excluded groups have a scope reason consistent with accepted outcomes	Mapped by the accepted literal semantic and domain audit
Project	Design	owned-outcome	retained	Design	Project	owned-outcome	Project sponsor	Fix the complete Project result	Accepted scope names one complete result and accountable sponsor	Mapped by the accepted literal semantic and domain audit
Project	Design	responsibility-boundary	retained	Design	Project	responsibility-boundary	Project governance authority	Set Project responsibility handoffs	Each boundary names included duty, excluded duty, and receiving owner	Mapped by the accepted literal semantic and domain audit
Project	Design	explicit-non-goal	retained	Design	Project	explicit-non-goal	Project sponsor	Exclude plausible capabilities from current scope	Each non-goal is explicit and absent from accepted Product obligations	Mapped by the accepted literal semantic and domain audit
Project	Design	manual-boundary	retained	Design	Project	manual-boundary	Project operations owner	Decide which tasks remain manual	Named tasks retain a human owner and no Product automation promise	Mapped by the accepted literal semantic and domain audit
Project	Design	scope-change-evidence	retained	Design	Project	scope-change-evidence	Project sponsor	Define evidence for scope expansion	A stated observation triggers reconsideration under named authority	Mapped by the accepted literal semantic and domain audit
Project	Design	irreversible-boundary	retained	Design	Project	irreversible-boundary	Project sponsor	Identify the costliest scope commitment	Compared decisions identify one with highest reversal cost and basis	Mapped by the accepted literal semantic and domain audit
Project	Design	context-actors	retained	Design	Project	context-actors	Project architect	Enumerate external actors and systems	Every material information exchange has a named endpoint	Mapped by the accepted literal semantic and domain audit
Project	Design	information-direction	retained	Design	Project	information-direction	Project data architect	Define Project information flows	Each important information kind has sender and receiver	Mapped by the accepted literal semantic and domain audit
Project	Design	coupling-risk	retained	Design	Project	coupling-risk	Project architect	Select independence seams that limit future cost	Named Products/systems can change independently in an accepted scenario	Mapped by the accepted literal semantic and domain audit
Project	Design	architecture-change-evidence	retained	Design	Project	architecture-change-evidence	Project architect	Define evidence for cross-Product redesign	One observable condition reopens the accepted architecture	Mapped by the accepted literal semantic and domain audit
Project	Design	state-authority	retained	Design	Project	state-authority	Project data authority	Resolve conflicting Project state or data	One authoritative source and conflict rule are named per state kind	Mapped by the accepted literal semantic and domain audit
Project	Design	data-lifecycle	retained	Design	Project	data-lifecycle	Project data steward	Set Project-wide data handling stages	Each data class has creation, use, retention, and deletion disposition	Mapped by the accepted literal semantic and domain audit
Project	Design	application-deliverable-inventory	retained	Design	Project	application-deliverable-inventory	Project sponsor	Fix the independently useful Product inventory	Every accepted Product has distinct useful outcome and stable identity	Mapped by the accepted literal semantic and domain audit
Project	Design	quality-priority	retained	Design	Project	quality-priority	Project sponsor	Rank conflicting Project qualities	A stated conflict selects one priority with rationale	Mapped by the accepted literal semantic and domain audit
Project	Design	build-buy-adopt	retained	Design	Project	build-buy-adopt	Project strategy authority	Choose sourcing mode for Project capabilities	Each material capability has one sourcing decision and evidence	Mapped by the accepted literal semantic and domain audit
Project	Design	project-differentiation	retained	Design	Project	project-differentiation	Project strategy authority	Protect the Project's differentiated value	Accepted strategy names value not delegated to a commodity dependency	Mapped by the accepted literal semantic and domain audit
Project	Design	strategy-non-goal	retained	Design	Project	strategy-non-goal	Project strategy authority	Exclude attractive but conflicting directions	Each excluded direction has a stated strategic reason	Mapped by the accepted literal semantic and domain audit
Project	Design	strategy-tradeoff	retained	Design	Project	strategy-tradeoff	Project strategy authority	Accept and mitigate a strategic tradeoff	Winning quality, losing quality, and protection are explicit	Mapped by the accepted literal semantic and domain audit
Project	Design	strategy-change-evidence	retained	Design	Project	strategy-change-evidence	Project strategy authority	Define evidence for strategy change	A stated observation requires reconsidering the selected strategy	Mapped by the accepted literal semantic and domain audit
Project	Design	roadmap-horizon	retained	Design	Project	roadmap-horizon	Project roadmap authority	Define outcome-based roadmap horizons	Each horizon ends in an observable outcome, not a task list	Mapped by the accepted literal semantic and domain audit
Project	Design	roadmap-dependency	retained	Design	Project	roadmap-dependency	Project roadmap authority	Gate horizon start on prerequisites	Every horizon prerequisite is present or explicitly unresolved	Mapped by the accepted literal semantic and domain audit
Project	Design	roadmap-validation-gate	retained	Design	Project	roadmap-validation-gate	Project roadmap authority	Gate horizon advancement on evidence	Named evidence satisfies the current horizon exit condition	Mapped by the accepted literal semantic and domain audit
Project	Design	roadmap-capacity	retained	Design	Project	roadmap-capacity	Project resource authority	Bound each horizon by available capacity	People/time/money/operations assumptions are quantified or bounded	Mapped by the accepted literal semantic and domain audit
Project	Design	roadmap-irreversible-decision	retained	Design	Project	roadmap-irreversible-decision	Project roadmap authority	Control costly decisions within horizons	Each costly decision is delayed, tested, or explicitly accepted	Mapped by the accepted literal semantic and domain audit
Project	Design	roadmap-replan-trigger	retained	Design	Project	roadmap-replan-trigger	Project roadmap authority	Define horizon replanning conditions	A named observation triggers plan revision	Mapped by the accepted literal semantic and domain audit
Project	Design	roadmap-stop-trigger	retained	Design	Project	roadmap-stop-trigger	Project sponsor	Define horizon or Project stopping conditions	A named observation triggers stop review under accepted authority	Mapped by the accepted literal semantic and domain audit
Project	Specification	protected-assets	retained	Specification	Project	protected-assets	Project security authority	Prioritize protection around the Project asset whose compromise has the highest consequence.	Accepted security analysis names the asset, compromise mode, affected parties, and ranked harm.	Mapped by the accepted literal semantic and domain audit
Project	Specification	threat-actor	retained	Specification	Project	threat-actor	Project security authority	Bound the credible adversaries and misuse sources the Project must defend against.	Accepted threat model names each credible actor or system, its capability, motive or trigger, and reachable attack surface.	Mapped by the accepted literal semantic and domain audit
Project	Specification	security-failure	retained	Specification	Project	security-failure	Project security authority	Select the Project-wide security loss that drives prevention and recovery priorities.	Accepted risk analysis identifies the failure, affected assets and parties, consequence severity, and evidence supporting its rank.	Mapped by the accepted literal semantic and domain audit
Project	Specification	consumer-indicator	retained	Specification	Project	consumer-indicator	Project measurement owner	Define the consumer-visible measure of whether the running Project delivers its intended outcome.	Accepted measurement contract names the indicator, calculation or observation method, source, cadence, and target direction.	Mapped by the accepted literal semantic and domain audit
Project	Specification	service-objective	retained	Specification	Project	service-objective	Project reliability owner	Convert a cross-Project behavior into a measurable reliability commitment.	Accepted service objective names the behavior, indicator, target, measurement window, and allowed failure budget.	Mapped by the accepted literal semantic and domain audit
Project	Specification	operational-runbook	retained	Specification	Project	operational-runbook	Project operations owner	Ensure the riskiest recurring operating task has a tested recovery-ready procedure.	Accepted runbook names the task, prerequisites, ordered actions, stop or rollback points, owners, and dated rehearsal evidence.	Mapped by the accepted literal semantic and domain audit
Project	Specification	quality-scenario	retained	Specification	Project	quality-scenario	Project quality authority	Make the highest-priority quality concrete under a representative operating condition.	Accepted scenario records source, stimulus, environment, affected artifact, response, and measurable response target.	Mapped by the accepted literal semantic and domain audit
Project	Specification	quality-threshold	retained	Specification	Project	quality-threshold	Project quality authority	Set the minimum pass boundary for the Project’s priority quality.	Accepted quality contract records the metric, threshold, measurement conditions, and pass/fail rule.	Mapped by the accepted literal semantic and domain audit
Project	Specification	threshold-basis	retained	Specification	Project	threshold-basis	Project quality authority	Preserve why a quality threshold is defensible and changeable only with stronger evidence.	Accepted rationale cites the authoritative source or measurement, its applicability, and the inference to the chosen threshold.	Mapped by the accepted literal semantic and domain audit
Project	Specification	allowed-degradation	retained	Specification	Project	allowed-degradation	Project reliability owner	Order graceful-degradation choices before resource pressure forces an unsafe trade.	Accepted degradation policy ranks reducible qualities, states trigger conditions and limits, and names the protected behavior.	Mapped by the accepted literal semantic and domain audit
Project	Specification	protected-quality	retained	Specification	Project	protected-quality	Project reliability owner	Identify the quality invariant that overload or partial failure may not sacrifice.	Accepted reliability contract names the quality, required level, applicable failure states, and verification evidence.	Mapped by the accepted literal semantic and domain audit
Project	Specification	verification-strategy	retained	Specification	Project	verification-strategy	Project validation authority	Assign proportionate evidence to every consequential Project claim.	Accepted claim ledger maps each important claim to a test, review, observation, or rehearsal, its owner, and pass condition.	Mapped by the accepted literal semantic and domain audit
Project	Specification	product-authority	retained	Specification	Project	product-authority	Project governance authority	Establish the final decision-maker for Product direction across the Project.	Accepted governance record names one authorized role or person, its decision scope, escalation path, and effective date.	Mapped by the accepted literal semantic and domain audit
Project	Specification	technical-authority	retained	Specification	Project	technical-authority	Project governance authority	Establish the final decision-maker for cross-Project technical direction.	Accepted governance record names one authorized role or person, technical scope, escalation path, and effective date.	Mapped by the accepted literal semantic and domain audit
Project	Specification	data-contract-owner	retained	Specification	Project	data-contract-owner	Project data governance authority	Assign approval authority for breaking data-contract changes.	Accepted ownership record names the authorized approver, covered contracts, breaking-change test, and escalation route.	Mapped by the accepted literal semantic and domain audit
Project	Specification	data-quality-owner	retained	Specification	Project	data-quality-owner	Project data governance authority	Assign accountability for data fitness decisions.	Accepted ownership record names the decision-maker, covered data, fitness criteria, and rejection or remediation route.	Mapped by the accepted literal semantic and domain audit
Project	Specification	license-model	retained	Specification	Project	license-model	Project legal authority	Fix the legal terms under which Project software may be used, changed, and redistributed.	Accepted license decision identifies the exact license and version or exception, covered artifacts, and legal approval evidence.	Mapped by the accepted literal semantic and domain audit
Project	Specification	distribution-model	retained	Specification	Project	distribution-model	Project release authority	Bound the approved channels and recipients for Project Product distribution.	Accepted distribution contract names each channel, artifact, audience, access condition, and prohibited route.	Mapped by the accepted literal semantic and domain audit
Project	Specification	governance-model	retained	Specification	Project	governance-model	Project governance authority	Define how disputed Project decisions reach an authorized resolution.	Accepted governance process records decision classes, participants, quorum or authority, escalation, record location, and time bound.	Mapped by the accepted literal semantic and domain audit
Project	Specification	legal-constraint	retained	Specification	Project	legal-constraint	Project legal authority	Carry binding law or contract limits into Project scope and acceptance.	Accepted constraint record cites the law or contract clause, jurisdiction or parties, affected behavior, and compliance evidence.	Mapped by the accepted literal semantic and domain audit
Project	Specification	regulatory-constraint	retained	Specification	Project	regulatory-constraint	Project compliance authority	Carry applicable industry rules into Project scope and acceptance.	Accepted constraint record cites the regulator and rule, applicability basis, affected behavior, and required evidence.	Mapped by the accepted literal semantic and domain audit
Project	Specification	budget-constraint	retained	Specification	Project	budget-constraint	Project funding authority	Set the spending ceiling that bounds Project scope and choices.	Accepted funding record states amount, currency, covered period and costs, approver, and variance rule.	Mapped by the accepted literal semantic and domain audit
Project	Specification	schedule-constraint	retained	Specification	Project	schedule-constraint	Project delivery authority	Set the externally required date that constrains scope or sequencing.	Accepted schedule record names the date, required outcome, source of obligation, and consequence of missing it.	Mapped by the accepted literal semantic and domain audit
Project	Specification	available-time	retained	Specification	Project	available-time	Project staffing authority	Quantify confirmed contributor capacity before scope is committed.	Accepted capacity record lists each confirmed contributor or role, available effort, date range, and competing commitments.	Mapped by the accepted literal semantic and domain audit
Project	Specification	available-systems	retained	Specification	Project	available-systems	Project delivery authority	Expose unavailable dependencies that constrain design or delivery.	Accepted dependency record names each unavailable system, needed capability or access, blocker owner, and expected resolution evidence.	Mapped by the accepted literal semantic and domain audit
Project	Specification	operational-owner	retained	Specification	Project	operational-owner	Project operations authority	Assign accountability for routine service operation.	Accepted responsibility record names one accountable role or person, covered services, duties, hours or handoff, and escalation path.	Mapped by the accepted literal semantic and domain audit
Project	Specification	incident-owner	retained	Specification	Project	incident-owner	Project incident authority	Assign command authority for incidents crossing Product boundaries.	Accepted incident plan names the coordinator role, activation trigger, authority, communication route, and backup.	Mapped by the accepted literal semantic and domain audit
Project	Specification	risk-owner	retained	Specification	Project	risk-owner	Project risk authority	Assign accountability for monitoring and treating the highest-consequence Project risk.	Accepted risk register names the owner, risk, indicators, review cadence, treatment authority, and escalation trigger.	Mapped by the accepted literal semantic and domain audit
Project	Specification	missing-authority	retained	Specification	Project	missing-authority	Project governance authority	Surface decisions that cannot close because no authorized owner exists.	Accepted authority-gap record names each decision, required authority, current impact, interim restriction, and assignment action.	Mapped by the accepted literal semantic and domain audit
Project	Specification	primary-maintainer	retained	Specification	Project	primary-maintainer	Project maintenance authority	Assign ongoing responsibility for Project upkeep.	Accepted maintenance record names one primary maintainer, covered duties, response expectations, access, and effective period.	Mapped by the accepted literal semantic and domain audit
Project	Specification	backup-maintainer	retained	Specification	Project	backup-maintainer	Project maintenance authority	Preserve maintenance continuity when the primary maintainer is absent.	Accepted continuity record names a capable backup, activation condition, required access, and successful handoff or rehearsal evidence.	Mapped by the accepted literal semantic and domain audit
Project	Specification	hidden-knowledge	retained	Specification	Project	hidden-knowledge	Project continuity owner	Find single-person knowledge dependencies before they block maintenance.	Accepted knowledge-risk record names the task or decision, sole holder, failure consequence, and transfer or documentation evidence.	Mapped by the accepted literal semantic and domain audit
Project	Specification	maintenance-end-evidence	retained	Specification	Project	maintenance-end-evidence	Project governance authority	Define the evidence needed to end active maintenance responsibly.	Accepted retirement criteria state usage, dependency, risk, support, archival, communication, and approval conditions with measurable gates.	Mapped by the accepted literal semantic and domain audit
Project	Specification	continuity-documentation	retained	Specification	Project	continuity-documentation	Project continuity owner	Identify the document that lets another maintainer continue the Project safely.	Accepted continuity test names the document and records a dated walkthrough or rehearsal completed by a non-author maintainer.	Mapped by the accepted literal semantic and domain audit
Project	Specification	policy-purpose	retained	Specification	Project	policy-purpose	Project policy authority	Tie each binding policy to a specific risk or recurring decision.	Accepted policy record names the risk or decision, affected outcome, and evidence that the policy addresses it.	Mapped by the accepted literal semantic and domain audit
Project	Specification	policy-scope	retained	Specification	Project	policy-scope	Project policy authority	Bound who and what each policy governs.	Accepted policy names included people, artifacts, environments, actions, explicit exclusions, and applicability trigger.	Mapped by the accepted literal semantic and domain audit
Project	Specification	policy-authority	retained	Specification	Project	policy-authority	Project governance authority	Assign legitimate authority over each policy’s lifecycle and interpretation.	Accepted policy names the role allowed to establish, interpret, change, and retire it, plus escalation and approval evidence.	Mapped by the accepted literal semantic and domain audit
Project	Specification	policy-enforcement-evidence	retained	Specification	Project	policy-enforcement-evidence	Project compliance authority	Define observable proof that each binding policy is followed.	Accepted policy maps each requirement to an auditable record, test, review, or control, including custodian and retention.	Mapped by the accepted literal semantic and domain audit
Project	Specification	policy-exception	retained	Specification	Project	policy-exception	Project policy authority	Control when and how a policy exception may be granted.	Accepted exception process names the approver, eligibility conditions, required rationale, compensating control, expiry, and record location.	Mapped by the accepted literal semantic and domain audit
Project	Specification	policy-review-change	retained	Specification	Project	policy-review-change	Project policy authority	Ensure policies are reviewed and approved changes reach every affected subject.	Accepted lifecycle record states review event or interval, change authority, versioning, notification route, acknowledgement evidence, and effective date.	Mapped by the accepted literal semantic and domain audit
Project	Specification	policy-retirement	retained	Specification	Project	policy-retirement	Project policy authority	Define when a policy must be retired instead of silently retained.	Accepted retirement rule names evidence of redundancy or harm, required approver, replacement or rollback, archive, and notification evidence.	Mapped by the accepted literal semantic and domain audit
Project	Lifecycle and Use Cases	scenario-inventory	excluded							Derived scenario coverage operation
Project	Lifecycle and Use Cases	scenario-class	excluded							Derived from accepted scenario dimensions
Project	Lifecycle and Use Cases	scenario-purpose	excluded							Derived from linked accepted decisions
Project	Lifecycle and Use Cases	scenario-linked-decision	excluded							Derived from accepted decision references
Project	Lifecycle and Use Cases	scenario-coverage-gap	excluded							Review-derived coverage evidence
Project	Lifecycle and Use Cases	scenario-owned-deferral	excluded							Record field asked only through an exact blocker
Project	Lifecycle and Use Cases	recovery-priority	retained	Product Lifecycle	Project	recovery-priority	Project continuity authority	Order restoration when two or more Product capabilities compete	A named consumer outcome or capability is restored first under the accepted disruption constraint	Mapped by the accepted literal semantic and domain audit
Project	Lifecycle and Use Cases	roadmap-deprecation-path	retained	Product Lifecycle	Project	roadmap-deprecation-path	Project portfolio-transition owner	Assign successor responsibility before a Project capability or Product retires	Every affected duty has a named successor or explicit closure before predecessor retirement	Mapped by the accepted literal semantic and domain audit
Product	Problem Definition	software-type	retained	Problem Definition	Product	software-type	Product authority	Classify the Product delivery form	Accepted Product evidence matches one independently useful application or platform form	Mapped by the accepted literal semantic and domain audit
Product	Problem Definition	other-software	retained	Problem Definition	Product	other-software	Product discovery owner	Identify existing external alternatives	Named alternatives demonstrably address the same consumer problem	Mapped by the accepted literal semantic and domain audit
Product	Problem Definition	prior-attempt	retained	Problem Definition	Product	prior-attempt	Product discovery owner	Learn from the latest attempted Product outcome	A specific attempt records result, evidence, and relevant cause	Mapped by the accepted literal semantic and domain audit
Product	Problem Definition	first-user	retained	Problem Definition	Product	first-user	Product authority	Select the first Product consumer	One actor is named with evidence of priority and fit	Mapped by the accepted literal semantic and domain audit
Product	Problem Definition	main-task	retained	Problem Definition	Product	main-task	Target-consumer representative	Define the first consumer's primary task	A consumer can demonstrate a bounded task with observable completion	Mapped by the accepted literal semantic and domain audit
Product	Problem Definition	task-situation	retained	Problem Definition	Product	task-situation	Target-consumer representative	Locate the task in real operating context	A concrete context states trigger, constraints, and actor	Mapped by the accepted literal semantic and domain audit
Product	Problem Definition	task-failure-cost	retained	Problem Definition	Product	task-failure-cost	Target-consumer representative	Establish consequence of task failure	Evidence identifies harm, delay, loss, or bounded no-consequence	Mapped by the accepted literal semantic and domain audit
Product	Problem Definition	current-alternative	retained	Problem Definition	Product	current-alternative	Target-consumer representative	Describe the present workaround or competing flow	Current steps can be observed or reproduced end to end	Mapped by the accepted literal semantic and domain audit
Product	Problem Definition	alternative-obstacle	retained	Problem Definition	Product	alternative-obstacle	Target-consumer representative	Identify the blocking step in the current approach	Evidence links one step or condition to delay or failure	Mapped by the accepted literal semantic and domain audit
Product	Problem Definition	reason-to-leave	retained	Problem Definition	Product	reason-to-leave	Target-consumer representative	Identify pain that drives switching	A stated problem produces an observable search or exit action	Mapped by the accepted literal semantic and domain audit
Product	Problem Definition	reason-to-adopt	retained	Problem Definition	Product	reason-to-adopt	Target-consumer representative	Identify value that drives Product trial	A named benefit maps to an observable trial or evaluation action	Mapped by the accepted literal semantic and domain audit
Product	Problem Definition	adoption-concern	retained	Problem Definition	Product	adoption-concern	Target-consumer representative	Identify the main adoption barrier	Evidence links one concern to refusal, delay, or abandonment	Mapped by the accepted literal semantic and domain audit
Product	Problem Definition	established-habit	retained	Problem Definition	Product	established-habit	Target-consumer representative	Identify workflow inertia to respect	A repeated behavior is observed and its replacement cost stated	Mapped by the accepted literal semantic and domain audit
Product	Problem Definition	adoption-evidence	retained	Problem Definition	Product	adoption-evidence	Product measurement owner	Define evidence of willingness to switch	A consumer performs one predefined commitment action	Mapped by the accepted literal semantic and domain audit
Product	Problem Definition	required-improvement	retained	Problem Definition	Product	required-improvement	Product authority	Set the comparative improvement target	Product result is measurably better than the current approach on one named dimension	Mapped by the accepted literal semantic and domain audit
Product	Design	stable-boundary	retained	Design	Product	stable-boundary	Product contract owner	Preserve Product contracts across stack change	Contract behavior remains unchanged in a replacement-Implementation scenario	Mapped by the accepted literal semantic and domain audit
Product	Design	web-runtime-boundary	retained	Design	Product	web-runtime-boundary	Product architect	Allocate web work to browser or non-browser runtime	Each material responsibility has one runtime side and evidence	Mapped by the accepted literal semantic and domain audit
Product	Design	data-processing-model	retained	Design	Product	data-processing-model	Product architect	Choose event, batch, or on-demand result production	Accepted workload evidence selects a processing model	Mapped by the accepted literal semantic and domain audit
Product	Design	application-deliverable-type	retained	Design	Product	application-deliverable-type	Product authority	Confirm Product form and complete outcome	Accepted type evidence matches Product identity and useful outcome	Mapped by the accepted literal semantic and domain audit
Product	Design	building-block-inventory	retained	Design	Product	building-block-inventory	Product registry authority	Resolve the Product's single Implementation identity	Exactly one registered Implementation key references the Product	Mapped by the accepted literal semantic and domain audit
Product	Design	building-block-parent	retained	Design	Product	building-block-parent	Product registry authority	Confirm Implementation parentage	Registered Implementation points to exactly this Product key	Mapped by the accepted literal semantic and domain audit
Product	Design	interface-type	retained	Design	Product	interface-type	Product designer	Choose consumer interaction modes	Each main consumer has an accessible interface mode	Mapped by the accepted literal semantic and domain audit
Product	Design	domain-concepts	retained	Design	Product	domain-concepts	Product domain authority	Standardize concepts across interfaces	Each shared term has one accepted definition in all interfaces	Mapped by the accepted literal semantic and domain audit
Product	Design	representative-users	retained	Design	Product	representative-users	Product research owner	Select consumers for assumption testing	Selected participants match intended consumers and uncertain assumption	Mapped by the accepted literal semantic and domain audit
Product	Design	representative-tasks	retained	Design	Product	representative-tasks	Product research owner	Select realistic usability test tasks	Each task exercises the uncertain Product-use claim end to end	Mapped by the accepted literal semantic and domain audit
Product	Design	design-reference	retained	Design	Product	design-reference	Product designer	Select evidence-backed interface prior art	Reference demonstrates an applicable behavior or structure	Mapped by the accepted literal semantic and domain audit
Product	Design	reference-rejection	retained	Design	Product	reference-rejection	Product designer	Exclude misleading interface prior art	Rejected reference has a stated mismatch with Product needs	Mapped by the accepted literal semantic and domain audit
Product	Specification	initial-capabilities	retained	Specification	Product	initial-capabilities	Product authority	Bound the first release to the capabilities needed for useful operation.	Accepted release scope lists each required capability, its consumer outcome, exclusions, and acceptance evidence.	Mapped by the accepted literal semantic and domain audit
Product	Specification	refused-use	retained	Specification	Product	refused-use	Product safety authority	Define attempted uses the Product must actively reject.	Accepted safety contract lists each refused use, detection condition, response, consumer feedback, and no-harm invariant.	Mapped by the accepted literal semantic and domain audit
Product	Specification	feature-list	retained	Specification	Product	feature-list	Product authority	Establish the named feature inventory for Product scope and traceability.	Accepted feature register gives each feature a unique name, outcome, owner, release disposition, and link to its acceptance contract.	Mapped by the accepted literal semantic and domain audit
Product	Specification	minimum-complete-capability	retained	Specification	Product	minimum-complete-capability	Product authority	Select the smallest end-to-end capability that delivers one useful consumer outcome.	Accepted capability contract names trigger, prerequisites, complete path, observable finish, exclusions, and representative-user evidence.	Mapped by the accepted literal semantic and domain audit
Product	Specification	feature-prerequisite	retained	Specification	Product	feature-prerequisite	Product contract owner	State the dependencies and preconditions required before a feature can start.	Accepted feature contract lists each prerequisite, its authoritative source, validation check, and failure response.	Mapped by the accepted literal semantic and domain audit
Product	Specification	feature-start	retained	Specification	Product	feature-start	Product contract owner	Define the unambiguous trigger that begins a feature.	Accepted feature contract names the initiating action, event, or schedule and an observable start condition.	Mapped by the accepted literal semantic and domain audit
Product	Specification	feature-finish	retained	Specification	Product	feature-finish	Product contract owner	Define the observable completion condition for a feature.	Accepted feature contract records the final state or output, consumer-visible confirmation, and pass/fail evidence.	Mapped by the accepted literal semantic and domain audit
Product	Specification	feature-handoff	retained	Specification	Product	feature-handoff	Product contract owner	Locate responsibility transfer in a cross-person or cross-system feature path.	Accepted interaction contract names the handoff point, sender, receiver, payload or state, acknowledgement, and failure owner.	Mapped by the accepted literal semantic and domain audit
Product	Specification	feature-worst-failure	retained	Specification	Product	feature-worst-failure	Product risk owner	Identify the feature failure that drives safeguards and recovery.	Accepted risk record names the failure, affected parties or state, severity basis, detection signal, safeguard, and recovery route.	Mapped by the accepted literal semantic and domain audit
Product	Specification	success-feedback	retained	Specification	Product	success-feedback	Product interaction designer	Specify the first confirmation that a Product action succeeded.	Accepted interaction contract records the returned or displayed feedback, timing, resulting state, and representative-user comprehension evidence.	Mapped by the accepted literal semantic and domain audit
Product	Specification	information-priority	retained	Specification	Product	information-priority	Product interaction designer	Put decision-critical information before the consumer must act.	Accepted design evidence identifies the decision, required information, presentation order and timing, and representative-user finding.	Mapped by the accepted literal semantic and domain audit
Product	Specification	result-explanation	retained	Specification	Product	result-explanation	Product transparency owner	Define which consequential results require an understandable rationale.	Accepted explanation contract names the result, audience, factors or provenance shown, limits disclosed, and comprehension evidence.	Mapped by the accepted literal semantic and domain audit
Product	Specification	error-action	retained	Specification	Product	error-action	Product interaction designer	Preserve a clear recovery action after a Product error.	Accepted error contract names the error state, consumer-facing message, available next action, state preserved, and recovery test.	Mapped by the accepted literal semantic and domain audit
Product	Specification	destructive-safeguard	retained	Specification	Product	destructive-safeguard	Product safety authority	Prevent accidental or unauthorized hard-to-reverse Product actions.	Accepted safeguard contract names the action, authorization or confirmation, preview or backup, cancellation or undo, and failure test.	Mapped by the accepted literal semantic and domain audit
Product	Specification	accessibility-needs	retained	Specification	Product	accessibility-needs	Product accessibility authority	Carry representative disability access needs into first-release scope.	Accepted accessibility research identifies affected consumers, tasks, barriers, required accommodations, and traceable capability decisions.	Mapped by the accepted literal semantic and domain audit
Product	Specification	data-retention	retained	Specification	Product	data-retention	Product data steward	Define how long Product data remains available for its operational purpose.	Accepted retention schedule lists each data category, availability period, start event, archive or deletion action, and accountable owner.	Mapped by the accepted literal semantic and domain audit
Product	Specification	data-export-contract	retained	Specification	Product	data-export-contract	Product data-contract owner	Preserve consumer compatibility for exported Product data.	Accepted export contract versions formats, fields, meanings, encoding, ordering or behavior, compatibility window, and conformance fixtures.	Mapped by the accepted literal semantic and domain audit
Product	Specification	external-contract	retained	Specification	Product	external-contract	Product contract authority	Identify relied-on Product behavior that changes only under an explicit compatibility process.	Accepted public contract names input, output or behavior, consumers, stability promise, version or migration rule, and conformance evidence.	Mapped by the accepted literal semantic and domain audit
Product	Specification	compatibility-boundary	retained	Specification	Product	compatibility-boundary	Product contract authority	Bound which current Product behavior must survive change.	Accepted compatibility record lists protected behavior and consumers, supported change window, allowed break process, and regression evidence.	Mapped by the accepted literal semantic and domain audit
Product	Specification	invalid-input	retained	Specification	Product	invalid-input	Product safety authority	Define predictable Product behavior for invalid input.	Accepted input contract enumerates invalid classes, rejection or normalization, state effect, consumer feedback, and tests.	Mapped by the accepted literal semantic and domain audit
Product	Specification	partial-state	retained	Specification	Product	partial-state	Product resilience owner	Keep partial success observable, bounded, and recoverable.	Accepted operation contract identifies atomic and partial outcomes, committed state, compensation or resume action, feedback, and failure tests.	Mapped by the accepted literal semantic and domain audit
Product	Specification	misuse-response	retained	Specification	Product	misuse-response	Product safety authority	Define safe behavior for known unsupported use.	Accepted misuse contract names the use, detection, refusal or containment behavior, feedback, protected invariant, and test.	Mapped by the accepted literal semantic and domain audit
Product	Specification	versioning-policy	retained	Specification	Product	versioning-policy	Product contract authority	Ensure evolving public interfaces and data formats expose compatibility identity.	Accepted versioning policy names covered contracts, version syntax, compatibility semantics, change triggers, and migration or deprecation evidence.	Mapped by the accepted literal semantic and domain audit
Product	Specification	web-direct-link	retained	Specification	Product	web-direct-link	Product web-platform owner	Preserve the intended page and state for direct entry through a saved or shared URL.	Accepted routing contract maps representative URLs to page, identity or authorization handling, state restoration, not-found behavior, and browser tests.	Mapped by the accepted literal semantic and domain audit
Product	Specification	web-navigation-continuity	retained	Specification	Product	web-navigation-continuity	Product web-platform owner	Preserve correct Product state across browser history navigation.	Accepted navigation contract identifies history entries, state reconstructed or retained, unsaved-work behavior, and Back/Forward tests.	Mapped by the accepted literal semantic and domain audit
Product	Specification	web-refresh-continuity	retained	Specification	Product	web-refresh-continuity	Product web-platform owner	Decide which in-progress work survives a page refresh.	Accepted continuity contract lists preserved and discarded state, storage authority and lifetime, recovery feedback, and refresh tests.	Mapped by the accepted literal semantic and domain audit
Product	Specification	web-storage-lifetime	retained	Specification	Product	web-storage-lifetime	Product data steward	Bound reuse and removal of browser-stored Product data.	Accepted browser-data contract names each store and category, reuse period, refresh or deletion trigger, privacy basis, and tests.	Mapped by the accepted literal semantic and domain audit
Product	Specification	web-browser-support	retained	Specification	Product	web-browser-support	Product web-platform owner	Fix the browser compatibility matrix and support window.	Accepted support policy names browser families and minimum versions, support duration, test matrix, and unsupported-browser behavior.	Mapped by the accepted literal semantic and domain audit
Product	Specification	web-offline-promise	retained	Specification	Product	web-offline-promise	Product web-platform owner	Bound useful Product behavior without network access.	Accepted offline contract names supported tasks and data, entry conditions, stale-state signal, synchronization or conflict behavior, and offline tests.	Mapped by the accepted literal semantic and domain audit
Product	Specification	desktop-os-integration	retained	Specification	Product	desktop-os-integration	Product desktop-platform owner	Select required operating-system integrations for a desktop Product.	Accepted integration contract names each OS capability, supported targets, permission or lifecycle behavior, fallback, and platform tests.	Mapped by the accepted literal semantic and domain audit
Product	Specification	mobile-form-factor	retained	Specification	Product	mobile-form-factor	Product mobile-platform owner	Preserve task continuity through mobile size, orientation, or form changes.	Accepted adaptive-behavior contract identifies affected tasks, state and layout invariants, interruption behavior, and device-class tests.	Mapped by the accepted literal semantic and domain audit
Product	Specification	desktop-target-os	retained	Specification	Product	desktop-target-os	Product desktop-platform owner	Fix supported desktop operating systems, versions, and retirement window.	Accepted support policy names OS families and minimum versions, architecture where material, support period, test evidence, and deprecation rule.	Mapped by the accepted literal semantic and domain audit
Product	Specification	mobile-target-os	retained	Specification	Product	mobile-target-os	Product mobile-platform owner	Fix supported mobile operating systems, versions, and retirement window.	Accepted support policy names OS families and minimum versions, device constraints where material, support period, test evidence, and deprecation rule.	Mapped by the accepted literal semantic and domain audit
Product	Specification	cli-invocation-contract	retained	Specification	Product	cli-invocation-contract	Product CLI contract owner	Preserve compatible command invocation for human and automated consumers.	Accepted CLI contract versions command names, arguments, options, input sources, parsing rules, deprecation window, and conformance tests.	Mapped by the accepted literal semantic and domain audit
Product	Specification	cli-machine-output	retained	Specification	Product	cli-machine-output	Product CLI contract owner	Preserve script-consumable command output independently of display prose.	Accepted CLI contract names machine formats, schemas, stream choice, versioning, stability promise, and fixture-based tests.	Mapped by the accepted literal semantic and domain audit
Product	Specification	cli-exit-status	retained	Specification	Product	cli-exit-status	Product CLI contract owner	Give automation stable status distinctions for command outcomes.	Accepted CLI contract maps each outcome class to an exit code, stdout/stderr behavior, and executable tests.	Mapped by the accepted literal semantic and domain audit
Product	Specification	library-public-contract	retained	Specification	Product	library-public-contract	Product library API owner	Preserve the callable contract relied on by library or SDK consumers.	Accepted API contract versions exported functions, classes, types and behavior, runtime errors, compatibility window, and consumer or conformance tests.	Mapped by the accepted literal semantic and domain audit
Product	Specification	network-standard	retained	Specification	Product	network-standard	Product protocol authority	Fix the published protocol or networking standard the Product implements.	Accepted protocol record cites exact standard, edition and profiles or options, applicability, deviations, and conformance evidence.	Mapped by the accepted literal semantic and domain audit
Product	Specification	network-peer-compatibility	retained	Specification	Product	network-peer-compatibility	Product protocol authority	Bound the peers with which the Product must interoperate.	Accepted interoperability matrix names peer products or device classes and versions, message paths, required outcomes, and test evidence.	Mapped by the accepted literal semantic and domain audit
Product	Specification	network-registry	retained	Specification	Product	network-registry	Product protocol authority	Use the authoritative registry for protocol names and numeric values.	Accepted protocol record cites the registry and namespace, assigned or reserved values, allocation status, and automated validation where possible.	Mapped by the accepted literal semantic and domain audit
Product	Specification	network-negotiation	retained	Specification	Product	network-negotiation	Product protocol authority	Define how peers choose a mutually supported protocol feature or version.	Accepted negotiation contract lists advertised values, selection rule, downgrade or incompatibility response, protected invariant, and peer tests.	Mapped by the accepted literal semantic and domain audit
Product	Specification	authorization-rule	retained	Specification	Product	authorization-rule	Product authorization authority	Decide who or what may perform each protected Product action.	Accepted authorization matrix maps subject attributes or roles and resource conditions to allow/deny outcomes, default behavior, and tests.	Mapped by the accepted literal semantic and domain audit
Product	Specification	audit-evidence	retained	Specification	Product	audit-evidence	Product security authority	Preserve tamper-resistant evidence for sensitive Product actions.	Accepted audit contract names actions, actor and target fields, time and outcome, integrity control, access and retention, and audit tests.	Mapped by the accepted literal semantic and domain audit
Product	Specification	abuse-case	retained	Specification	Product	abuse-case	Product abuse-risk owner	Select realistic harmful misuse that Product controls must address.	Accepted abuse case names actor, path, preconditions, harmed party or asset, severity basis, prevention or containment, and validation evidence.	Mapped by the accepted literal semantic and domain audit
Product	Specification	safe-failure	retained	Specification	Product	safe-failure	Product safety authority	Define the invariant that must survive a serious Product failure.	Accepted failure contract states the invariant, covered failures, containment and recovery behavior, observable signal, and fault-injection or rehearsal evidence.	Mapped by the accepted literal semantic and domain audit
Product	Specification	personal-data	retained	Specification	Product	personal-data	Product privacy authority	Inventory personal and sensitive data crossing the Product boundary.	Accepted data inventory lists each category, source, purpose, processing, storage, recipient, location, sensitivity, and lawful or policy basis.	Mapped by the accepted literal semantic and domain audit
Product	Specification	data-minimization	retained	Specification	Product	data-minimization	Product privacy authority	Remove personal or sensitive data not needed for the intended outcome.	Accepted minimization review maps each collected field to a necessary purpose and records removal, aggregation, or approved justification for every excess item.	Mapped by the accepted literal semantic and domain audit
Product	Specification	consent-duty	retained	Specification	Product	consent-duty	Product privacy authority	Identify personal-data processing that requires valid consent.	Accepted consent contract names processing purpose and data, affected people, capture and withdrawal mechanism, evidence retained, and jurisdiction or policy basis.	Mapped by the accepted literal semantic and domain audit
Product	Specification	privacy-retention	retained	Specification	Product	privacy-retention	Product privacy authority	Cap retention of personal or sensitive data under law, policy, or commitment.	Accepted privacy schedule cites the governing basis, category, maximum period, start event, exception, disposal method, and proof of deletion.	Mapped by the accepted literal semantic and domain audit
Product	Specification	privacy-deletion	retained	Specification	Product	privacy-deletion	Product privacy authority	Define requests and lifecycle events that require protected-data deletion.	Accepted deletion contract names trigger, deadline, covered stores and copies, exceptions, verification method, consumer response, and audit evidence.	Mapped by the accepted literal semantic and domain audit
Product	Specification	data-disclosure	retained	Specification	Product	data-disclosure	Product privacy authority	Control release of protected data beyond its current trust boundary.	Accepted disclosure rule names recipient, purpose, data, authorization or legal basis, minimization, transfer protection, record, and denial behavior.	Mapped by the accepted literal semantic and domain audit
Product	Specification	mobile-permission	retained	Specification	Product	mobile-permission	Product mobile-platform owner	Map sensitive device access to the Product capability that requires it.	Accepted permission matrix names capability, platform permission, access timing, data or device feature reached, and denied-state behavior.	Mapped by the accepted literal semantic and domain audit
Product	Specification	mobile-permission-purpose	retained	Specification	Product	mobile-permission-purpose	Product privacy authority	Give each sensitive mobile permission a concrete user-visible benefit.	Accepted permission rationale links every requested permission to a necessary feature and plain-language just-in-time explanation, with review evidence.	Mapped by the accepted literal semantic and domain audit
Product	Specification	mobile-permission-revocation	retained	Specification	Product	mobile-permission-revocation	Product mobile-platform owner	Preserve safe and useful behavior after a mobile permission is removed.	Accepted permission contract lists capabilities retained, degraded, blocked, or recoverable after revocation, state handling, feedback, and device tests.	Mapped by the accepted literal semantic and domain audit
Product	Specification	service-workload-range	retained	Specification	Product	service-workload-range	Product service owner	Bound service correctness across expected and exceptional demand.	Accepted workload contract specifies request or job mix, rates, bursts, concurrency, payload ranges, duration, overload behavior, and measured evidence.	Mapped by the accepted literal semantic and domain audit
Product	Specification	accessibility-target	retained	Specification	Product	accessibility-target	Product accessibility authority	Fix the accessibility standard and conformance level for acceptance.	Accepted accessibility contract cites the exact standard, version, level, covered surfaces and exceptions, and accountable approval.	Mapped by the accepted literal semantic and domain audit
Product	Specification	end-to-end-evidence	retained	Specification	Product	end-to-end-evidence	Product validation authority	Select the complete Product outcomes requiring trigger-to-result proof.	Accepted evidence plan maps each selected outcome to representative environment, data and actor, full path, observable result, and executable or rehearsed test.	Mapped by the accepted literal semantic and domain audit
Product	Specification	accessibility-evidence	retained	Specification	Product	accessibility-evidence	Product accessibility authority	Define proof that the Product meets its accessibility target.	Accepted evidence set maps applicable criteria to automated checks, expert review and representative assistive-technology or user testing, with findings resolved.	Mapped by the accepted literal semantic and domain audit
Product	Specification	user-validation	retained	Specification	Product	user-validation	Product research owner	Identify consequential behavior or experience claims needing representative-consumer validation.	Accepted research plan names each claim, representative participants and tasks, method, success or disconfirming evidence, and recorded findings.	Mapped by the accepted literal semantic and domain audit
Product	Lifecycle and Use Cases	release-channel	retained	Specification	Product	release-channel	Product distribution-contract owner	Map each intended consumer or system to a supported acquisition channel and release identity	Each intended consumer obtains and identifies the supported release, or gets an explicit unsupported refusal	Mapped by the accepted literal semantic and domain audit
Product	Lifecycle and Use Cases	dependency-unavailable	retained	Product Lifecycle	Product	dependency-unavailable	Product continuity-promise owner	Define actor-visible behavior during temporary dependency unavailability	Affected actors observe bounded degradation or safe refusal, then a named recovery path	Mapped by the accepted literal semantic and domain audit
Product	Lifecycle and Use Cases	failure-visibility	merged	Product Lifecycle	Product	scenario-observable-outcome	Product promise owner	Define the selected perspective’s observable completion or safe-failure result	The named observation distinguishes success, safe refusal, degradation, or failure	Mapped by the accepted literal semantic and domain audit
Product	Lifecycle and Use Cases	failure-recovery	merged	Product Lifecycle	Product	scenario-recovery-path	Product recovery-promise owner	Define actor action and restored safe Product state after failure	Protected work or state is restored, or loss is explicitly bounded and disclosed	Mapped by the accepted literal semantic and domain audit
Product	Lifecycle and Use Cases	deprecation-policy	merged	Product Lifecycle	Product	deprecation-transition	Product deprecation-promise owner	Provide notice, support window, successor or alternative, and end condition	Every affected consumer has timely notice and a supported path before commitment ends	Mapped by the accepted literal semantic and domain audit
Product	Lifecycle and Use Cases	migration-obligation	retained	Product Lifecycle	Product	migration-obligation	Product compatibility-transition owner	Identify affected consumer classes and promised supported destinations	Every affected class reaches a supported successor or alternative, or an explicit safe refusal	Mapped by the accepted literal semantic and domain audit
Product	Lifecycle and Use Cases	desktop-restart-state	merged	Desktop	Product	desktop-entry-lifecycle	Desktop session-continuity owner	Exercise supported Desktop entry and exit transitions	Each supported transition preserves named input or state invariants or discloses safe loss	Mapped by the accepted literal semantic and domain audit
Product	Lifecycle and Use Cases	mobile-interruption	retained	Mobile	Product	mobile-interruption	Mobile OS-lifecycle continuity owner	Preserve or recover work across background, suspend, termination, and relaunch	Supported work is restored to the nearest safe state and any loss is explicit	Mapped by the accepted literal semantic and domain audit
Product	Lifecycle and Use Cases	desktop-install	merged	Desktop	Product	desktop-install-first-run	Desktop acquisition-promise owner	Exercise install through first usable launch	The consumer reaches supported first launch or explicit safe repair	Mapped by the accepted literal semantic and domain audit
Product	Lifecycle and Use Cases	desktop-update	merged	Desktop	Product	desktop-update-support	Desktop installed-population evolution owner	Define installed update usability, compatibility, recovery, and support	A supported installed release reaches compatible state or explicit recovery or forward fix	Mapped by the accepted literal semantic and domain audit
Product	Lifecycle and Use Cases	mobile-distribution	merged	Specification	Product	release-channel	Product distribution-contract owner	Map each intended consumer or system to a supported acquisition channel and release identity	Each intended consumer obtains and identifies the supported release, or gets an explicit unsupported refusal	Mapped by the accepted literal semantic and domain audit
Product	Lifecycle and Use Cases	package-distribution	merged	Specification	Product	release-channel	Product distribution-contract owner	Map each intended consumer or system to a supported acquisition channel and release identity	Each intended consumer obtains and identifies the supported release, or gets an explicit unsupported refusal	Mapped by the accepted literal semantic and domain audit
Product	Lifecycle and Use Cases	data-processing-health	retained	Data	Product	data-processing-health	Data outcome-health owner	Define use-time health of scheduled or continuous Product output	A named quality, freshness, or completeness signal maps to use, degrade, or stop action	Mapped by the accepted literal semantic and domain audit
Product	Lifecycle and Use Cases	scenario-actor-source	merged	Product Lifecycle	Product	scenario-initiator	Product scenario-record owner	Identify the scenario initiator	One actor, system, schedule, or lifecycle source is named	Mapped by the accepted literal semantic and domain audit
Product	Lifecycle and Use Cases	scenario-precondition-context	retained	Product Lifecycle	Product	scenario-precondition-context	Product scenario-record owner	Bind the selected scenario to a concrete starting state and context	One valid and observable starting context is recorded	Mapped by the accepted literal semantic and domain audit
Product	Lifecycle and Use Cases	scenario-trigger-stimulus	merged	Product Lifecycle	Product	scenario-trigger	Product scenario-record owner	Identify the exact starting event	One external or temporal event separates the before and after states	Mapped by the accepted literal semantic and domain audit
Product	Lifecycle and Use Cases	scenario-affected-artifact	excluded							Derived from the active Product and registered Implementation
Product	Lifecycle and Use Cases	scenario-main-flow	merged	Product Lifecycle	Product	scenario-interaction-flow	Product scenario promise owner	Describe the implementation-neutral actor interaction for the selected path	The interaction reaches that scenario’s observable outcome from its trigger	Mapped by the accepted literal semantic and domain audit
Product	Lifecycle and Use Cases	scenario-alternate-flow	merged	Product Lifecycle	Product	scenario-interaction-flow	Product scenario promise owner	Describe the implementation-neutral actor interaction for the selected path	The interaction reaches that scenario’s observable outcome from its trigger	Mapped by the accepted literal semantic and domain audit
Product	Lifecycle and Use Cases	scenario-invalid-path	retained	Product Lifecycle	Product	scenario-invalid-path	Product refusal-promise owner	Define one invalid, unauthorized, or unsupported case and safe refusal	The actor sees explicit refusal and protected state remains unchanged except accepted audit or security effects	Mapped by the accepted literal semantic and domain audit
Product	Lifecycle and Use Cases	scenario-failure-path	retained	Product Lifecycle	Product	scenario-failure-path	Product failure-promise owner	Identify an actor-visible failure for the selected scenario	The selected failure can be induced and observed by the affected actor	Mapped by the accepted literal semantic and domain audit
Product	Lifecycle and Use Cases	scenario-recovery-path	retained	Product Lifecycle	Product	scenario-recovery-path	Product recovery-promise owner	Define actor action and restored safe Product state after failure	Protected work or state is restored, or loss is explicitly bounded and disclosed	Mapped by the accepted literal semantic and domain audit
Product	Lifecycle and Use Cases	scenario-state-data-change	retained	Product Lifecycle	Product	scenario-state-data-change	Product state-invariant owner	Define allowed and forbidden state or data effects	Observed effects match the accepted change and invariant	Mapped by the accepted literal semantic and domain audit
Product	Lifecycle and Use Cases	scenario-handoff	retained	Product Lifecycle	Product	scenario-handoff	Product handoff-promise owner	Define responsibility and information transfer	Sender, receiver, transferred item, accepted receipt, and failure are observable	Mapped by the accepted literal semantic and domain audit
Product	Lifecycle and Use Cases	scenario-observable-outcome	retained	Product Lifecycle	Product	scenario-observable-outcome	Product promise owner	Define the selected perspective’s observable completion or safe-failure result	The named observation distinguishes success, safe refusal, degradation, or failure	Mapped by the accepted literal semantic and domain audit
Product	Lifecycle and Use Cases	scenario-invariant	retained	Product Lifecycle	Product	scenario-invariant	Product duty owner	Bind accepted duties to the selected scenario	Each accepted duty remains observable or provable throughout the scenario	Mapped by the accepted literal semantic and domain audit
Product	Lifecycle and Use Cases	abuse-lifecycle-scenario	retained	Product Lifecycle	Product	abuse-lifecycle-scenario	Product risk owner	Select the highest-consequence realistic abuse path	The path exercises an accepted security, privacy, or safety duty and its safe outcome	Mapped by the accepted literal semantic and domain audit
Product	Lifecycle and Use Cases	end-of-life-lifecycle-scenario	retained	Product Lifecycle	Product	end-of-life-lifecycle-scenario	Product retirement owner	Close one Product’s lifecycle commitments	No Product-owned duty remains and each affected consumer reaches a successor or explicit closure	Mapped by the accepted literal semantic and domain audit
Implementation	Problem Definition	hard-stack-constraint	retained	Problem Definition	Implementation	hard-stack-constraint	Implementation technical authority	Separate mandatory constraints from preferences	Constraint has cited source, violation consequence, and binding status	Mapped by the accepted literal semantic and domain audit
Implementation	Problem Definition	critical-dependency	retained	Problem Definition	Implementation	critical-dependency	Implementation dependency owner	Identify the dependency essential to Product outcome	Disabling it demonstrably loses or degrades a named Product result	Mapped by the accepted literal semantic and domain audit
Implementation	Problem Definition	dependency-failure	retained	Problem Definition	Implementation	dependency-failure	Implementation dependency owner	Define Product impact of dependency failure	Failure observation maps to a specific lost or reduced result	Mapped by the accepted literal semantic and domain audit
Implementation	Problem Definition	stack-license	retained	Problem Definition	Implementation	stack-license	Implementation licensing authority	Constrain stack alternatives by license duty	Cited license term permits, conditions, or excludes a stack choice	Mapped by the accepted literal semantic and domain audit
Implementation	Problem Definition	stack-portability	retained	Problem Definition	Implementation	stack-portability	Implementation technical authority	Set complete-stack portability obligation	Named target move is demonstrated with required Product behavior preserved	Mapped by the accepted literal semantic and domain audit
Implementation	Design	runtime-units	retained	Design	Implementation	runtime-units	Implementation architect	Define independently executing stack units	Runtime evidence enumerates each independently executing unit	Mapped by the accepted literal semantic and domain audit
Implementation	Design	unit-responsibility	retained	Design	Implementation	unit-responsibility	Implementation architect	Assign one responsibility to each runtime unit	Every required runtime responsibility has one accountable unit	Mapped by the accepted literal semantic and domain audit
Implementation	Design	primary-runtime-path	retained	Design	Implementation	primary-runtime-path	Implementation architect	Trace the main Product result through runtime units	A representative trigger traces to the observable Product result	Mapped by the accepted literal semantic and domain audit
Implementation	Design	background-path	retained	Design	Implementation	background-path	Implementation architect	Identify unattended work required for correctness	Failure of named background work demonstrably changes Product correctness	Mapped by the accepted literal semantic and domain audit
Implementation	Design	failure-containment	retained	Design	Implementation	failure-containment	Implementation reliability owner	Set runtime fault-containment boundaries	Injected or observed unit failure stays within accepted impact boundary	Mapped by the accepted literal semantic and domain audit
Implementation	Design	runtime-recovery	retained	Design	Implementation	runtime-recovery	Implementation reliability owner	Define state required before runtime resumes	Recovery evidence shows required state restored before normal processing	Mapped by the accepted literal semantic and domain audit
Implementation	Design	programming-languages	retained	Design	Implementation	programming-languages	Implementation technical authority	Select supported implementation languages	Each language entry has responsibility, support need, and evidence	Mapped by the accepted literal semantic and domain audit
Implementation	Design	frameworks	retained	Design	Implementation	frameworks	Implementation technical authority	Select required or compatible frameworks	Each framework entry has responsibility, compatibility need, and evidence	Mapped by the accepted literal semantic and domain audit
Implementation	Design	runtimes	retained	Design	Implementation	runtimes	Implementation technical authority	Select execution runtimes	Each runtime entry has workload responsibility and supported environment	Mapped by the accepted literal semantic and domain audit
Implementation	Design	data-stores	retained	Design	Implementation	data-stores	Implementation data architect	Select required or compatible stores	Each store has owned data responsibility and compatibility evidence	Mapped by the accepted literal semantic and domain audit
Implementation	Design	building-block-responsibility	retained	Design	Implementation	building-block-responsibility	Implementation architect	Define complete-stack responsibility and obligations	Accepted design covers boundary, interface, owner, deployment, and quality	Mapped by the accepted literal semantic and domain audit
Implementation	Design	technology-category	retained	Design	Implementation	technology-category	Implementation technical authority	Classify each stack entry	Every material entry maps to exactly one accepted category	Mapped by the accepted literal semantic and domain audit
Implementation	Design	technology-assignment	retained	Design	Implementation	technology-assignment	Implementation architect	Assign each entry to a stack responsibility	Every entry references at least one owned Implementation responsibility	Mapped by the accepted literal semantic and domain audit
Implementation	Design	technology-rationale	retained	Design	Implementation	technology-rationale	Implementation technical authority	Justify each material stack entry	Each entry has evidence, constraint, tradeoff, and reopen trigger	Mapped by the accepted literal semantic and domain audit
Implementation	Specification	supported-versions	retained	Specification	Implementation	supported-versions	Implementation release authority	Fix supported versions and support windows for every required stack entry.	Accepted support matrix names each stack entry, supported version range, start and end dates or policy, test coverage, and deprecation rule.	Mapped by the accepted literal semantic and domain audit
Implementation	Specification	environment-model	retained	Specification	Implementation	environment-model	Implementation environment owner	Expose environment differences that alter behavior, evidence, or risk.	Accepted environment matrix lists each environment, purpose, authoritative differences, data and access boundaries, promotion path, and parity tests.	Mapped by the accepted literal semantic and domain audit
Implementation	Specification	configuration-source	retained	Specification	Implementation	configuration-source	Implementation configuration authority	Establish one authoritative source and precedence model for runtime configuration.	Accepted configuration contract names sources, precedence, validation, reload or restart behavior, secret handling, and provenance visible at runtime.	Mapped by the accepted literal semantic and domain audit
Implementation	Specification	runtime-restriction	retained	Specification	Implementation	runtime-restriction	Implementation platform authority	Carry operating constraints into implementation support and acceptance.	Accepted runtime matrix lists each network, locality, regional, resource or platform restriction, affected behavior, fallback or refusal, and tests.	Mapped by the accepted literal semantic and domain audit
Implementation	Specification	same-result-on-repeat	retained	Specification	Implementation	same-result-on-repeat	Implementation domain authority	Identify operations whose repeated identical request must preserve one end state.	Accepted operation contract defines request identity, repeated-call state and result, side-effect rule, concurrency boundary, and repeat tests.	Mapped by the accepted literal semantic and domain audit
Implementation	Specification	consistency-promise	retained	Specification	Implementation	consistency-promise	Implementation data architect	Define agreement and visibility timing across copies of the same data.	Accepted consistency contract identifies copies, authoritative value, read/write guarantees, staleness bound, conflict rule, and concurrent tests.	Mapped by the accepted literal semantic and domain audit
Implementation	Specification	stored-data-evolution	retained	Specification	Implementation	stored-data-evolution	Implementation data architect	Preserve usable stored state across format or meaning changes.	Accepted evolution contract versions schemas or semantics, names supported source versions, migration and rollback behavior, and upgrade/downgrade fixtures.	Mapped by the accepted literal semantic and domain audit
Implementation	Specification	restore-evidence	retained	Specification	Implementation	restore-evidence	Implementation operations owner	Prove implementation-managed data can be recovered after loss.	Accepted recovery evidence records backup scope and age, restore environment and steps, integrity checks, recovery targets, and dated successful rehearsal.	Mapped by the accepted literal semantic and domain audit
Implementation	Specification	data-lineage	retained	Specification	Implementation	data-lineage	Implementation data steward	Make source and transformation provenance traceable for consequential data.	Accepted lineage record maps selected data from source through each transformation and store to outputs, with queryable identifiers and verification evidence.	Mapped by the accepted literal semantic and domain audit
Implementation	Specification	data-timestamp-choice	retained	Specification	Implementation	data-timestamp-choice	Implementation data architect	Select the time semantics used when event and arrival times differ.	Accepted temporal contract names authoritative timestamps per calculation, timezone and precision, missing or conflicting-time behavior, and fixtures.	Mapped by the accepted literal semantic and domain audit
Implementation	Specification	data-ordering	retained	Specification	Implementation	data-ordering	Implementation data architect	Define ordering guarantees needed for correct processing.	Accepted ordering contract names records or events, ordering key and scope, reorder buffer or rejection behavior, and out-of-order tests.	Mapped by the accepted literal semantic and domain audit
Implementation	Specification	data-lateness	retained	Specification	Implementation	data-lateness	Implementation data architect	Bound correction of prior results when data arrives late.	Accepted lateness contract states allowed lateness, watermark or cutoff, recomputation behavior, result/version notification, and late-data tests.	Mapped by the accepted literal semantic and domain audit
Implementation	Specification	data-duplicates	retained	Specification	Implementation	data-duplicates	Implementation data architect	Prevent repeated input delivery from corrupting results.	Accepted duplicate contract defines identity and deduplication scope or idempotent effect, retention window, conflict behavior, and duplicate tests.	Mapped by the accepted literal semantic and domain audit
Implementation	Specification	data-replay	retained	Specification	Implementation	data-replay	Implementation data architect	Make historical reprocessing reproduce the promised result without duplicate effects.	Accepted replay contract names input snapshot and code/config identity, expected output equivalence, side-effect isolation, and repeatable replay evidence.	Mapped by the accepted literal semantic and domain audit
Implementation	Specification	data-backfill	retained	Specification	Implementation	data-backfill	Implementation data steward	Control which historical results may change after corrected or newly required data is processed.	Accepted backfill plan names affected range and outputs, transformation version, validation, consumer notification, rollback, and before/after evidence.	Mapped by the accepted literal semantic and domain audit
Implementation	Specification	data-freshness	retained	Specification	Implementation	data-freshness	Implementation data steward	Give consumers an observable signal that produced data is timely enough to use.	Accepted freshness contract defines source timestamp, age calculation and threshold, displayed or machine-readable state, stale behavior, and tests.	Mapped by the accepted literal semantic and domain audit
Implementation	Specification	network-intended-state	retained	Specification	Implementation	network-intended-state	Implementation network authority	Establish the authoritative declaration of desired network state.	Accepted network contract names the source, version or generation, scope, validation, conflict precedence, and audit trail.	Mapped by the accepted literal semantic and domain audit
Implementation	Specification	network-liveness	retained	Specification	Implementation	network-liveness	Implementation network operator	Define the signal used to detect responsive runtime units.	Accepted liveness contract identifies probe or heartbeat, scope, interval, timeout, failure threshold, false-positive bound, and fault tests.	Mapped by the accepted literal semantic and domain audit
Implementation	Specification	network-convergence	retained	Specification	Implementation	network-convergence	Implementation network operator	Define proof that affected units reached intended network state.	Accepted convergence contract names compared generation or state, population and quorum if any, deadline, observable signal, and convergence tests.	Mapped by the accepted literal semantic and domain audit
Implementation	Specification	network-reconciliation	retained	Specification	Implementation	network-reconciliation	Implementation network architect	Specify correction of drift between actual and intended network state.	Accepted reconciliation contract defines comparison, action, cadence or trigger, conflict and retry rules, safe bounds, and drift tests.	Mapped by the accepted literal semantic and domain audit
Implementation	Specification	network-stale-state	retained	Specification	Implementation	network-stale-state	Implementation network architect	Stop decisions from relying on network observations older than the safe bound.	Accepted staleness contract names observations, age source, maximum age, expired-state behavior, and clock or delay tests.	Mapped by the accepted literal semantic and domain audit
Implementation	Specification	safe-retry	retained	Specification	Implementation	safe-retry	Implementation domain authority	Identify failed operations that may be repeated without unsafe or incorrect effects.	Accepted retry contract defines eligible failures, request identity, effect invariant, limits and backoff, result interpretation, and fault tests.	Mapped by the accepted literal semantic and domain audit
Implementation	Specification	network-partition	retained	Specification	Implementation	network-partition	Implementation network architect	Preserve named safety properties when runtime units cannot communicate.	Accepted partition contract states protected invariants, allowed availability loss or degradation, reconciliation after healing, and partition tests.	Mapped by the accepted literal semantic and domain audit
Implementation	Specification	cli-execution-support	retained	Specification	Implementation	cli-execution-support	Implementation CLI platform owner	Fix operating-system and shell support for a command-line Product.	Accepted CLI support matrix names OS, architecture and shell combinations, packaging or invocation constraints, support windows, and executable tests.	Mapped by the accepted literal semantic and domain audit
Implementation	Specification	library-runtime-support	merged	Library	Product	compatibility-matrix	Product stakeholder / Product Lifecycle Product section	Define the installed-consumer compatibility matrix	Every claimed combination passes the installed-consumer oracle and unsupported combinations fail safely	Mapped by the accepted literal semantic and domain audit
Implementation	Specification	trust-boundaries	retained	Specification	Implementation	trust-boundaries	Implementation security architect	Locate crossings where data or control enters a different trust level.	Accepted trust map names runtime units and identities, crossing data or control, direction, validation and authorization, protection, and tests.	Mapped by the accepted literal semantic and domain audit
Implementation	Specification	network-replay-threat	retained	Specification	Implementation	network-replay-threat	Implementation protocol security owner	Prevent repeated attacker-controlled protocol messages from causing a second unauthorized effect.	Accepted threat contract names replayable messages, freshness or uniqueness mechanism, retention and clock assumptions, rejection response, and replay tests.	Mapped by the accepted literal semantic and domain audit
Implementation	Specification	network-integrity-threat	retained	Specification	Implementation	network-integrity-threat	Implementation protocol security owner	Detect and reject unauthorized change to protected protocol state.	Accepted integrity contract names protected fields or state, trust and key assumptions, verification, failure behavior, rotation or recovery, and tamper tests.	Mapped by the accepted literal semantic and domain audit
Implementation	Specification	network-denial-threat	retained	Specification	Implementation	network-denial-threat	Implementation security authority	Bound resource-exhaustion attacks that threaten Product availability.	Accepted denial-risk record names resource and attack path, capacity or rate bound, admission or isolation control, degraded behavior, monitoring, and load or abuse tests.	Mapped by the accepted literal semantic and domain audit
Implementation	Specification	diagnostic-evidence	retained	Specification	Implementation	diagnostic-evidence	Implementation observability owner	Preserve enough failure evidence for diagnosis without exposing protected data.	Accepted diagnostic contract maps failure questions to logs, metrics, traces or records, required fields and correlation, redaction, retention, access, and fault tests.	Mapped by the accepted literal semantic and domain audit
Implementation	Specification	security-review	retained	Specification	Implementation	security-review	Implementation security authority	Route security-relevant changes through review before release.	Accepted review policy defines triggering change classes, required reviewer authority, evidence set, findings disposition, approval record, and enforcement check.	Mapped by the accepted literal semantic and domain audit
Implementation	Specification	performance-evidence	retained	Specification	Implementation	performance-evidence	Implementation performance owner	Require measurement for consequential speed, capacity, and resource-use claims.	Accepted performance plan names workload, environment, metric, threshold, repetitions or statistics, baseline, pass rule, and reproducible result record.	Mapped by the accepted literal semantic and domain audit
Implementation	Specification	operational-evidence	retained	Specification	Implementation	operational-evidence	Implementation operations owner	Prove deployment, recovery, and routine-operation claims in a realistic environment.	Accepted operational plan maps each claim to a rehearsal or demonstration, environment, operator, pass condition, retained record, and resolved findings.	Mapped by the accepted literal semantic and domain audit
Implementation	Specification	directory-convention	retained	Specification	Implementation	directory-convention	Repository architecture authority	Preserve ownership and dependency boundaries through repository organization.	Accepted convention names required paths and allowed contents or dependencies, protected boundary and rationale, authoritative examples, and automated check where possible.	Mapped by the accepted literal semantic and domain audit
Implementation	Specification	module-convention	retained	Specification	Implementation	module-convention	Repository architecture authority	Keep specified responsibilities separated by module or package boundaries.	Accepted convention names responsibilities, allowed dependency direction and public seams, examples, and architecture or compile checks.	Mapped by the accepted literal semantic and domain audit
Implementation	Specification	naming-convention	retained	Specification	Implementation	naming-convention	Repository standards authority	Make mandatory implementation names predictable and mechanically reviewable.	Accepted convention defines scopes and patterns, exceptions, authoritative examples, and formatter, linter, compile, or review evidence.	Mapped by the accepted literal semantic and domain audit
Implementation	Specification	interface-convention	retained	Specification	Implementation	interface-convention	Repository architecture authority	Standardize implementation interfaces where consistency protects consumers or boundaries.	Accepted convention states applicable interface shapes, ownership and error or lifecycle rules, rationale, examples, counterexamples, and type or test evidence.	Mapped by the accepted literal semantic and domain audit
Implementation	Specification	error-convention	retained	Specification	Implementation	error-convention	Repository standards authority	Preserve consistent error creation, context, propagation, classification, and recovery behavior.	Accepted convention defines error forms and text or code stability, wrapping or causality, boundary translation, logging ownership, examples, and tests or lint evidence.	Mapped by the accepted literal semantic and domain audit
Implementation	Specification	documentation-convention	retained	Specification	Implementation	documentation-convention	Documentation authority	Fix where implementation documentation lives and how it is structured and maintained.	Accepted convention names document classes, paths, required sections and metadata, ownership and freshness trigger, examples, and link or structure checks.	Mapped by the accepted literal semantic and domain audit
Implementation	Specification	test-convention	retained	Specification	Implementation	test-convention	Test architecture authority	Standardize test names, grouping, location, scope, and evidence ownership.	Accepted convention defines test classes and paths, naming and fixture rules, isolation or cleanup, examples, and discovery or runner checks.	Mapped by the accepted literal semantic and domain audit
Implementation	Specification	contribution-convention	retained	Specification	Implementation	contribution-convention	Maintainer authority	Define the evidence and process required to propose an Implementation change.	Accepted contribution contract records prerequisites, branch or change shape, checks, review and approval, commit or record rules, and rejection or recovery path.	Mapped by the accepted literal semantic and domain audit
Implementation	Specification	live-example	retained	Specification	Implementation	live-example	Repository architecture authority	Designate a current implementation artifact as the pattern to copy.	Accepted guidance cites an existing file or module, names the exact decisions it exemplifies and its applicability limits, and passes current checks.	Mapped by the accepted literal semantic and domain audit
Implementation	Specification	counterexample	retained	Specification	Implementation	counterexample	Repository architecture authority	Warn against a locally common pattern that violates the accepted contract.	Accepted guidance cites the real pattern, names why and where it fails, defines its applicability, and links failing evidence or a concrete defect.	Mapped by the accepted literal semantic and domain audit
Implementation	Specification	deliberate-pattern	retained	Specification	Implementation	deliberate-pattern	Repository architecture authority	Protect an unusual intentional pattern from cleanup that would break a requirement.	Accepted guidance cites the pattern, states the invariant and reason, names when it applies, and links tests or source evidence that prove necessity.	Mapped by the accepted literal semantic and domain audit
Implementation	Specification	binding-rule	retained	Specification	Implementation	binding-rule	Repository governance authority	Distinguish mandatory Implementation rules from preferences.	Accepted rule states actor, required or forbidden action, scope, trigger, rationale, exceptions and authority, plus observable enforcement evidence.	Mapped by the accepted literal semantic and domain audit
Implementation	Specification	recurring-mistake	retained	Specification	Implementation	recurring-mistake	Maintainer authority	Capture a repeated implementation failure pattern so it can be prevented.	Accepted learning cites multiple occurrences or durable evidence, identifies the root cause and consequence, and names the prevention or detection check.	Mapped by the accepted literal semantic and domain audit
Implementation	Specification	corrected-approach	retained	Specification	Implementation	corrected-approach	Repository architecture authority	Define the approved replacement for a misleading local pattern.	Accepted guidance maps the rejected pattern to a supported alternative, applicability and migration boundary, authoritative example, and verification evidence.	Mapped by the accepted literal semantic and domain audit
Implementation	Lifecycle and Use Cases	stack-change-evidence	merged	Development Lifecycle	Implementation	development-change-inception	Complete-stack Implementation Development Lifecycle owner	Bind a Development change to its trigger and current baseline	Accepted evidence names the trigger and reproduces or characterizes the current baseline	Mapped by the accepted literal semantic and domain audit
Implementation	Lifecycle and Use Cases	dependency-change	merged	Development Lifecycle	Implementation	dependency-incompatibility-response	Complete-stack Implementation Development Lifecycle owner	Define response to unplanned dependency incompatibility	An accepted adapter, coordinated change, pin, or degradation preserves the Product promise	Mapped by the accepted literal semantic and domain audit
Implementation	Lifecycle and Use Cases	dependency-exit	retained	Development Lifecycle	Implementation	dependency-exit	Complete-stack Implementation Development Lifecycle owner	Preserve continuity after permanent dependency loss	An alternative, replacement, or reduced mode realizes required duties and its exit is tested	Mapped by the accepted literal semantic and domain audit
Implementation	Lifecycle and Use Cases	deployment-method	retained	Development Lifecycle	Implementation	deployment-method	Complete-stack Implementation Development Lifecycle owner	Define the deployment mechanism and order	The target runs or serves the exact candidate and target checks pass	Mapped by the accepted literal semantic and domain audit
Implementation	Lifecycle and Use Cases	rollout-signal	merged	Development Lifecycle	Implementation	rollout-gate	Complete-stack Implementation Development Lifecycle owner	Define staged advance, hold, and stop decisions	Accepted thresholds decide each rollout stage	Mapped by the accepted literal semantic and domain audit
Implementation	Lifecycle and Use Cases	rollback-trigger	merged	Development Lifecycle	Implementation	rollout-gate	Complete-stack Implementation Development Lifecycle owner	Define staged advance, hold, and stop decisions	Accepted thresholds decide each rollout stage	Mapped by the accepted literal semantic and domain audit
Implementation	Lifecycle and Use Cases	rollback-state	merged	Development Lifecycle	Implementation	development-rollback	Complete-stack Implementation Development Lifecycle owner	Define actual technical reversal	Prior identity and compatible state are restored and the real target is reverified	Mapped by the accepted literal semantic and domain audit
Implementation	Lifecycle and Use Cases	technology-exit-trigger	merged	Development Lifecycle	Implementation	entry-replacement-path	Complete-stack Implementation Development Lifecycle owner	Preserve alternative, replacement, coexistence, migration, and exit dimensions	The replacement realizes duties, coexistence or migration passes, and the old entry is safely unselected	Mapped by the accepted literal semantic and domain audit
Implementation	Lifecycle and Use Cases	maintenance-scenario	merged	Development Lifecycle	Implementation	maintenance-lifecycle-scenario	Complete-stack Implementation Development Lifecycle owner	Prove future maintenance by an unfamiliar maintainer	The maintainer locates owner and contract, completes the change, runs checks, and explains it without hidden context	Mapped by the accepted literal semantic and domain audit
Implementation	Lifecycle and Use Cases	desktop-release-approval	retained	Desktop	Implementation	desktop-release-approval	Desktop Development release owner	Prove publisher identity and platform trust for final Desktop bytes	Final bytes pass signing, notarization, or platform assessment under authorized identity	Mapped by the accepted literal semantic and domain audit
Implementation	Lifecycle and Use Cases	network-deployment	retained	Network	Implementation	network-deployment	Network Development transition owner	Define mixed-version protocol deployment	Old and new peers interoperate or reject safely, and convergence or compatibility evidence proves completion	Mapped by the accepted literal semantic and domain audit
Implementation	Lifecycle and Use Cases	network-diagnostics	retained	Network	Implementation	network-diagnostics	Network Development diagnostics owner	Collect bounded network evidence without disruption or protected-data leak	A named engineer question is answered from bounded redacted evidence while service remains within accepted operation	Mapped by the accepted literal semantic and domain audit
Implementation	Lifecycle and Use Cases	scenario-development-guidance	retained	Development Lifecycle	Implementation	scenario-development-guidance	Complete-stack Implementation Development Lifecycle owner	Record proactive implementation-neutral guidance	The record states a specific constraint without task, algorithm, or signature	Mapped by the accepted literal semantic and domain audit
Implementation	Lifecycle and Use Cases	scenario-evaluation-method	merged	Development Lifecycle	Implementation	development-evidence-ladder	Complete-stack Implementation Development Lifecycle owner	Bind Development claims to disproof evidence	Evaluation method, pass/fail result, retained proof, and limits are explicit	Mapped by the accepted literal semantic and domain audit
Implementation	Lifecycle and Use Cases	scenario-pass-fail-oracle	merged	Development Lifecycle	Implementation	development-evidence-ladder	Complete-stack Implementation Development Lifecycle owner	Bind Development claims to disproof evidence	Evaluation method, pass/fail result, retained proof, and limits are explicit	Mapped by the accepted literal semantic and domain audit
Implementation	Lifecycle and Use Cases	scenario-required-evidence	merged	Development Lifecycle	Implementation	development-evidence-ladder	Complete-stack Implementation Development Lifecycle owner	Bind Development claims to disproof evidence	Evaluation method, pass/fail result, retained proof, and limits are explicit	Mapped by the accepted literal semantic and domain audit
Implementation	Lifecycle and Use Cases	migration-lifecycle-scenario	merged	Development Lifecycle	Implementation	state-migration	Complete-stack Implementation Development Lifecycle owner	Define technical state migration and cutover	Migration invariants, cutover, post-migration proof, and recovery pass	Mapped by the accepted literal semantic and domain audit
Implementation	Lifecycle and Use Cases	upgrade-lifecycle-scenario	retained	Development Lifecycle	Implementation	upgrade-lifecycle-scenario	Complete-stack Implementation Development Lifecycle owner	Define planned complete-stack or entry version transition	The supported matrix passes and a reverse or recovery path exists	Mapped by the accepted literal semantic and domain audit
Implementation	Lifecycle and Use Cases	rollback-lifecycle-scenario	merged	Development Lifecycle	Implementation	development-rollback	Complete-stack Implementation Development Lifecycle owner	Define actual technical reversal	Prior identity and compatible state are restored and the real target is reverified	Mapped by the accepted literal semantic and domain audit
Implementation	Lifecycle and Use Cases	maintenance-lifecycle-scenario	retained	Development Lifecycle	Implementation	maintenance-lifecycle-scenario	Complete-stack Implementation Development Lifecycle owner	Prove future maintenance by an unfamiliar maintainer	The maintainer locates owner and contract, completes the change, runs checks, and explains it without hidden context	Mapped by the accepted literal semantic and domain audit
Implementation	Lifecycle and Use Cases	deprecation-lifecycle-scenario	retained	Development Lifecycle	Implementation	deprecation-lifecycle-scenario	Complete-stack Implementation Development Lifecycle owner	Define Development deprecation transition	Window, replacement, migration duties, and owners are explicit and exercised	Mapped by the accepted literal semantic and domain audit
